{
    "I II": {
        "III": 5.363921777850738,
        "V": 19.770997065643403,
        "IV": 33.41575523772392,
        "I": 27.59321199187409,
        "VI": 13.708370098290686,
        "VII": 0.14774382861715882
    },
    "II III": {
        "IV": 56.70261941448382,
        "II": 16.290018832391713,
        "I": 10.931347372025337,
        "VI": 9.330594076356789,
        "V": 6.6512583461736,
        "VII": 0.09416195856873823
    },
    "III IV": {
        "I": 38.91249394933577,
        "V": 39.678911418275696,
        "II": 5.79519173882644,
        "VI": 7.469208842037326,
        "III": 8.079653633087721,
        "VII": 0.06454041843704621
    },
    "IV I": {
        "II": 5.213795897745066,
        "VI": 13.053527995382003,
        "V": 50.74401729063721,
        "IV": 27.930700766289604,
        "III": 2.965573716474067,
        "VII": 0.09238433347205222
    },
    "I VI": {
        "II": 6.466849911115491,
        "IV": 43.91478768100865,
        "V": 26.15723249778245,
        "I": 18.60624710258404,
        "III": 4.747929374231158,
        "VII": 0.106953433278214
    },
    "VI II": {
        "V": 46.822803195352215,
        "I": 19.95279593318809,
        "IV": 22.9121278140886,
        "VI": 7.422536916000968,
        "III": 2.8413217138707334,
        "VII": 0.04841442749939482
    },
    "II V": {
        "I": 68.08797713523002,
        "VI": 7.344001624907511,
        "IV": 14.695257301202721,
        "II": 7.854686842601593,
        "III": 1.9934133213399683,
        "VII": 0.024663774718180105
    },
    "V I": {
        "V": 26.447818286778325,
        "II": 4.531751415504169,
        "VI": 20.42971460559282,
        "IV": 43.60297076082499,
        "III": 4.793763034980883,
        "VII": 0.1939818963188145
    },
    "I V": {
        "VI": 37.382543849257075,
        "I": 21.94099601568784,
        "IV": 31.669669969260315,
        "II": 8.068543886668454,
        "III": 0.884155656289165,
        "VII": 0.05409062283715449
    },
    "V VI": {
        "IV": 65.72921427048107,
        "V": 13.754988879748957,
        "I": 14.804557779605764,
        "II": 1.7375011424915456,
        "III": 3.8466928678061114,
        "VII": 0.12704505986655698
    },
    "VI IV": {
        "I": 62.04441955768745,
        "V": 28.74040524670099,
        "VI": 5.603484586453125,
        "II": 2.8173515755464487,
        "III": 0.7836850790127005,
        "VII": 0.010653954599287424
    },
    "VI V": {
        "I": 37.12517636575163,
        "IV": 50.60966855615238,
        "VI": 7.849699249981435,
        "III": 1.0525012995371172,
        "II": 3.32830020545063,
        "VII": 0.03465432312681007
    },
    "VI I": {
        "V": 33.855154377223315,
        "VI": 24.497700764759106,
        "II": 5.565884554840789,
        "IV": 32.975123638121445,
        "III": 2.856381462338403,
        "VII": 0.24975520271693996
    },
    "IV V": {
        "I": 61.63646338201223,
        "IV": 18.713417149904107,
        "VI": 15.685003241733579,
        "II": 1.9785909566967868,
        "III": 1.960228689568872,
        "VII": 0.026296580084421088
    },
    "V IV": {
        "VI": 11.950510636580148,
        "I": 54.703961974730554,
        "V": 29.18903645097485,
        "II": 2.6260949420740323,
        "III": 1.5107173132038914,
        "VII": 0.019678682436523636
    },
    "IV VI": {
        "IV": 22.542301238616133,
        "V": 46.79138220337897,
        "II": 2.6994658708099037,
        "III": 2.0257201777868863,
        "I": 25.82713171344033,
        "VII": 0.11399879596777293
    },
    "I IV": {
        "I": 50.26194156018488,
        "V": 29.9070506541283,
        "II": 5.142689218311239,
        "VI": 13.346140171386693,
        "III": 1.3231313988840274,
        "VII": 0.01904699710485644
    },
    "IV II": {
        "V": 38.771577146084965,
        "VI": 10.745792560349553,
        "IV": 20.58613413965543,
        "I": 26.326194946088286,
        "III": 3.503846089947002,
        "VII": 0.06645511787476532
    },
    "V II": {
        "IV": 53.54727872457394,
        "V": 11.61214953271028,
        "III": 2.504123144584937,
        "VI": 13.562396921385377,
        "I": 18.731445849367784,
        "VII": 0.042605827377680046
    },
    "II IV": {
        "I": 60.55756159728122,
        "V": 24.671835174171623,
        "VI": 7.3693712829226845,
        "II": 6.163976210705183,
        "III": 1.2181393372982159,
        "VII": 0.019116397621070518
    },
    "II I": {
        "V": 27.53329860852742,
        "III": 3.963092492000893,
        "IV": 30.014137956693208,
        "II": 27.135947615149938,
        "VI": 11.109457548924771,
        "VII": 0.2440657787037726
    },
    "II VI": {
        "II": 6.853261363980956,
        "V": 20.435455014100736,
        "IV": 30.181641750310824,
        "I": 39.921763653455436,
        "III": 2.483549140309913,
        "VII": 0.1243290778421324
    },
    "V III": {
        "VI": 35.90627908249849,
        "IV": 48.552033722012375,
        "I": 7.959708764438605,
        "V": 4.57108446926151,
        "II": 2.720753270925713,
        "VII": 0.2901406908633054
    },
    "III VI": {
        "V": 14.50334672021419,
        "IV": 54.68005354752343,
        "I": 13.633199464524766,
        "III": 9.43239625167336,
        "II": 7.622489959839357,
        "VII": 0.1285140562248996
    },
    "VI III": {
        "VI": 9.629277283943276,
        "IV": 66.70927847310996,
        "I": 8.889021018521271,
        "V": 9.661979367957903,
        "II": 5.0123376044237,
        "VII": 0.09810625204388025
    },
    "I III": {
        "IV": 44.60800147662775,
        "VI": 35.157583867841815,
        "I": 8.779782505037454,
        "V": 4.054573700644487,
        "II": 7.2139418270192115,
        "VII": 0.1861166228292803
    },
    "IV III": {
        "VI": 16.60672731119103,
        "II": 24.023693674635076,
        "IV": 34.262745927649675,
        "I": 12.426486143431351,
        "V": 12.456103236725196,
        "VII": 0.22424370636767507
    },
    "III II": {
        "III": 11.02191819070222,
        "V": 26.52519893899204,
        "I": 35.24361301130811,
        "VI": 5.9891107078039925,
        "IV": 21.157336311601284,
        "VII": 0.06282283959234958
    },
    "III I": {
        "III": 32.764433206911086,
        "V": 18.87905604719764,
        "VI": 19.581401882286837,
        "IV": 20.445287259446552,
        "II": 7.606405394016013,
        "VII": 0.7234162101418738
    },
    "III V": {
        "II": 4.7447037000878645,
        "I": 45.318754271209606,
        "III": 4.656838816752904,
        "VI": 15.727814116957923,
        "IV": 29.483549741286733,
        "VII": 0.06833935370496924
    },
    "I VII": {
        "VI": 62.00351493848858,
        "V": 4.1124780316344465,
        "I": 14.37609841827768,
        "IV": 10.54481546572935,
        "III": 4.639718804920914,
        "II": 4.323374340949034
    },
    "VII VI": {
        "V": 28.427128427128427,
        "VII": 5.291005291005291,
        "IV": 37.61423761423762,
        "III": 3.5594035594035596,
        "I": 18.855218855218855,
        "II": 6.253006253006253
    },
    "V VII": {
        "I": 29.69004893964111,
        "IV": 42.08809135399674,
        "III": 4.893964110929853,
        "VI": 15.823817292006526,
        "II": 2.6101141924959217,
        "V": 4.893964110929853
    },
    "VII I": {
        "VI": 21.954236239950525,
        "VII": 19.97526283240569,
        "V": 19.97526283240569,
        "IV": 26.159554730983302,
        "II": 6.988249845392702,
        "III": 4.94743351886209
    },
    "VI VII": {
        "V": 6.660666066606661,
        "I": 66.6066606660666,
        "II": 2.43024302430243,
        "IV": 12.511251125112512,
        "VI": 9.72097209720972,
        "III": 2.07020702070207
    },
    "VII V": {
        "I": 25.9375,
        "VI": 18.4375,
        "II": 4.375,
        "IV": 37.5,
        "VII": 11.25,
        "III": 2.5
    },
    "IV VII": {
        "IV": 31.828978622327792,