{
    "I": {
        "II": 5.953800009206564,
        "VI": 16.704462033826854,
        "V": 39.46569222457232,
        "IV": 33.7427225747367,
        "III": 3.959064710029582,
        "VII": 0.1742584476279773
    },
    "II": {
        "III": 4.194778422988326,
        "V": 25.18860837460347,
        "IV": 34.01288126662228,
        "I": 24.64138596447505,
        "VI": 11.873693804673287,
        "VII": 0.08865216663759065
    },
    "III": {
        "IV": 49.21694815589167,
        "VI": 24.69047074581033,
        "II": 9.471105158276437,
        "I": 9.520760510927444,
        "V": 6.881186501584398,
        "VII": 0.21952892750971872
    },
    "IV": {
        "I": 54.685853929812055,
        "V": 29.506781074867924,
        "VI": 10.263580099447932,
        "II": 3.958205237660715,
        "III": 1.5576433790365638,
        "VII": 0.027936279174809307
    },
    "VI": {
        "II": 3.9270143557973336,
        "IV": 48.350921066160524,
        "V": 24.268471255904764,
        "I": 19.32732092481259,
        "III": 3.9940246224320117,
        "VII": 0.13224777489277767
    },
    "V": {
        "I": 39.522482256235165,
        "VI": 24.270810191410497,
        "IV": 29.454138068122024,
        "II": 5.364054114097962,
        "III": 1.343352080726822,
        "VII": 0.0451632894075278
    },
    "VII": {
        "VI": 37.70550393137956,
        "I": 29.592566118656183,
        "V": 5.897069335239457,
        "IV": 18.227305218012866,
        "II": 3.5203716940671907,
        "III": 5.057183702644746
    }
}