{
    "I": 28.608499929346692,
    "II": 4.763160019648349,
    "III": 2.5908399668938786,
    "IV": 26.115111060270635,
    "VI": 14.362942676616447,
    "V": 23.46426624857852,
    "VII": 0.09518009864547516
}